{
  "variant": "finetune_14b_trial",
  "model": "finetuned",
  "qwk": 0.7529013842322005,
  "accuracy": 0.7412333736396615,
  "errors": 0,
  "scored": 827,
  "total": 827,
  "elapsed_s": 306.2
}