{
  "qwk": 0.6713218743605485,
  "accuracy": 0.7042801556420234,
  "weighted_f1": 0.7078718946423226,
  "confusion_matrix": [
    [
      46,
      20,
      4
    ],
    [
      16,
      70,
      6
    ],
    [
      4,
      26,
      65
    ]
  ],
  "per_label": {
    "Correct": {
      "precision": 0.696969696969697,
      "recall": 0.6571428571428571,
      "f1": 0.6764705882352942,
      "support": 70
    },
    "Partially correct": {
      "precision": 0.603448275862069,
      "recall": 0.7608695652173914,
      "f1": 0.6730769230769231,
      "support": 92
    },
    "Incorrect": {
      "precision": 0.8666666666666667,
      "recall": 0.6842105263157895,
      "f1": 0.7647058823529411,
      "support": 95
    }
  }
}