{
  "qwk": 0.6541832769526781,
  "accuracy": 0.688715953307393,
  "weighted_f1": 0.6921387705445733,
  "confusion_matrix": [
    [
      49,
      20,
      7
    ],
    [
      14,
      66,
      8
    ],
    [
      2,
      29,
      62
    ]
  ],
  "per_label": {
    "Correct": {
      "precision": 0.7538461538461538,
      "recall": 0.6447368421052632,
      "f1": 0.6950354609929078,
      "support": 76
    },
    "Partially correct": {
      "precision": 0.5739130434782609,
      "recall": 0.75,
      "f1": 0.6502463054187192,
      "support": 88
    },
    "Incorrect": {
      "precision": 0.8051948051948052,
      "recall": 0.6666666666666666,
      "f1": 0.7294117647058823,
      "support": 93
    }
  }
}